{
    "690610062": {
        "матеша": "в математике существуют разные переменные,например x",
        "Матем": "в математике существуют разные переменные,например x",
        "Матеша": "Теперь",
        "Мем": "Это ваще теперь меме",
        "Мемс": "Меме это ваще меме",
        "Мег": "Мег это персонаж из бравл старс",
        "Гег": "Гегегегеге",
        "Tet": "Teteteteteeetette"
    }
}